time,Vout
0,0.500168337
1E-10,0.500168337
2E-10,0.500168337
4E-10,0.500168337
8E-10,0.500168337
1.6E-09,0.500168337
3.2E-09,0.500168337
6.4E-09,0.500168337
1.28E-08,0.500168337
2.28E-08,0.500168337
3.28E-08,0.500168337
4.28E-08,0.500168337
5.28E-08,0.500168337
6.28E-08,0.500168337
7.28E-08,0.500168337
8.28E-08,0.500168337
9.28E-08,0.500168337
1.028E-07,0.500168337
1.128E-07,0.500168337
1.228E-07,0.500168338
1.328E-07,0.500168338
1.428E-07,0.500168338
1.528E-07,0.500168338
1.628E-07,0.500168338
1.728E-07,0.500168338
1.828E-07,0.500168338
1.928E-07,0.500168338
2.028E-07,0.500168339
2.128E-07,0.500168339
2.228E-07,0.500168339
2.328E-07,0.500168339
2.428E-07,0.500168339
2.528E-07,0.500168339
2.628E-07,0.500168339
2.728E-07,0.500168339
2.828E-07,0.500168339
2.928E-07,0.500168339
3.028E-07,0.500168339
3.128E-07,0.500168339
3.228E-07,0.50016834
3.328E-07,0.50016834
3.428E-07,0.50016834
3.528E-07,0.50016834
3.628E-07,0.50016834
3.728E-07,0.50016834
3.828E-07,0.50016834
3.928E-07,0.50016834
4.028E-07,0.50016834
4.128E-07,0.50016834
4.228E-07,0.50016834
4.328E-07,0.50016834
4.428E-07,0.500168341
4.528E-07,0.500168341
4.628E-07,0.500168341
4.728E-07,0.500168341
4.828E-07,0.500168341
4.928E-07,0.500168341
5.028E-07,0.500168341
5.128E-07,0.500168341
5.228E-07,0.500168341
5.328E-07,0.500168341
5.428E-07,0.500168341
5.528E-07,0.500168341
5.628E-07,0.500168341
5.728E-07,0.500168341
5.828E-07,0.500168341
5.928E-07,0.500168341
6.028E-07,0.500168341
6.128E-07,0.500168341
6.228E-07,0.500168341
6.328E-07,0.500168341
6.428E-07,0.500168341
6.528E-07,0.500168341
6.628E-07,0.500168341
6.728E-07,0.500168341
6.828E-07,0.500168341
6.928E-07,0.500168341
7.028E-07,0.500168341
7.128E-07,0.50016834
7.228E-07,0.50016834
7.328E-07,0.50016834
7.428E-07,0.50016834
7.528E-07,0.50016834
7.628E-07,0.50016834
7.728E-07,0.50016834
7.828E-07,0.50016834
7.928E-07,0.50016834
8.028E-07,0.50016834
8.128E-07,0.50016834
8.228E-07,0.50016834
8.328E-07,0.50016834
8.428E-07,0.50016834
8.528E-07,0.50016834
8.628E-07,0.50016834
8.728E-07,0.500168341
8.828E-07,0.500168341
8.928E-07,0.500168341
9.028E-07,0.500168341
9.128E-07,0.500168341
9.228E-07,0.500168341
9.328E-07,0.500168341
9.428E-07,0.500168341
9.528E-07,0.500168341
9.628E-07,0.500168341
9.728E-07,0.500168341
9.828E-07,0.500168341
9.928E-07,0.500168341
1E-06,0.500168341
1.001E-06,0.500181294
1.003E-06,0.500208742
1.007E-06,0.500272546
1.015E-06,0.500447098
1.025E-06,0.500881005
1.035E-06,0.502328935
1.045E-06,0.505832364
1.055E-06,0.510253243
1.065E-06,0.514461443
1.075E-06,0.518873081
1.085E-06,0.523724902
1.095E-06,0.528640156
1.1E-06,0.531079075
1.101E-06,0.531562346
1.103E-06,0.532527388
1.107E-06,0.53444991
1.115E-06,0.538253803
1.125E-06,0.542866306
1.135E-06,0.547215933
1.145E-06,0.551269609
1.155E-06,0.555107192
1.165E-06,0.55883486
1.175E-06,0.56252523
1.185E-06,0.566208563
1.195E-06,0.569892557
1.205E-06,0.57357844
1.215E-06,0.577265801
1.225E-06,0.580953949
1.235E-06,0.584642473
1.245E-06,0.588331186
1.255E-06,0.592020002
1.265E-06,0.595708893
1.275E-06,0.59939785
1.285E-06,0.603086872
1.295E-06,0.60677596
1.305E-06,0.610465118
1.315E-06,0.614154344
1.325E-06,0.617843643
1.335E-06,0.621533012
1.345E-06,0.625222457
1.355E-06,0.628911973
1.365E-06,0.632601567
1.375E-06,0.636291233
1.385E-06,0.639980977
1.395E-06,0.643670793
1.405E-06,0.647360688
1.415E-06,0.651050652
1.425E-06,0.654740693
1.435E-06,0.658430802
1.445E-06,0.662120985
1.455E-06,0.665811231
1.465E-06,0.669501547
1.475E-06,0.673191919
1.485E-06,0.676882355
1.495E-06,0.680572839
1.505E-06,0.684263377
1.515E-06,0.687953952
1.525E-06,0.691644569
1.535E-06,0.695335209
1.545E-06,0.699025876
1.555E-06,0.702716548
1.565E-06,0.706407227
1.575E-06,0.71009789
1.585E-06,0.713788535
1.595E-06,0.717479136
1.605E-06,0.721169689
1.615E-06,0.724860165
1.625E-06,0.728550555
1.635E-06,0.732240827
1.645E-06,0.735930967
1.655E-06,0.739620938
1.665E-06,0.74331072
1.675E-06,0.747000273
1.685E-06,0.750689567
1.695E-06,0.754378554
1.705E-06,0.758067197
1.715E-06,0.761755437
1.725E-06,0.765443225
1.735E-06,0.769130491
1.745E-06,0.772817167
1.755E-06,0.776503165
1.765E-06,0.780188394
1.775E-06,0.783872741
1.785E-06,0.787556076
1.795E-06,0.791238246
1.805E-06,0.794919063
1.815E-06,0.798598301
1.825E-06,0.802275674
1.835E-06,0.805950832
1.845E-06,0.80962334
1.855E-06,0.813292683
1.865E-06,0.816958301
1.875E-06,0.820619737
1.885E-06,0.824276492
1.895E-06,0.827926943
1.905E-06,0.831567127
1.915E-06,0.835192047
1.925E-06,0.838798208
1.935E-06,0.84238413
1.945E-06,0.845949513
1.955E-06,0.849494701
1.965E-06,0.8530203
1.975E-06,0.856527033
1.985E-06,0.860015672
1.995E-06,0.863487032
2.005E-06,0.866941967
2.015E-06,0.870381397
2.025E-06,0.873806344
2.035E-06,0.877218159
2.045E-06,0.880618001
2.055E-06,0.884007564
2.065E-06,0.887389566
2.075E-06,0.890769273
2.085E-06,0.894156504
2.095E-06,0.897555045
2.105E-06,0.900880695
2.115E-06,0.903877935
2.125E-06,0.90641839
2.135E-06,0.908701187
2.145E-06,0.91089566
2.155E-06,0.913011352
2.165E-06,0.915048605
2.175E-06,0.917016405
2.185E-06,0.918916927
2.195E-06,0.920752579
2.205E-06,0.922526972
2.215E-06,0.924243079
2.225E-06,0.925903567
2.235E-06,0.927511047
2.245E-06,0.929067965
2.255E-06,0.930576606
2.265E-06,0.932039122
2.275E-06,0.933457544
2.285E-06,0.934833781
2.295E-06,0.936169634
2.305E-06,0.937466803
2.315E-06,0.938726894
2.325E-06,0.939951423
2.335E-06,0.941141823
2.345E-06,0.942299452
2.355E-06,0.943425595
2.365E-06,0.94452147
2.375E-06,0.945588231
2.385E-06,0.946626974
2.395E-06,0.947638739
2.405E-06,0.948624516
2.415E-06,0.949585242
2.425E-06,0.950521814
2.435E-06,0.951435081
2.445E-06,0.952325855
2.455E-06,0.953194908
2.465E-06,0.954042978
2.475E-06,0.954870768
2.485E-06,0.955678949
2.495E-06,0.956468163
2.505E-06,0.957239024
2.515E-06,0.957992117
2.525E-06,0.958728005
2.535E-06,0.959447223
2.545E-06,0.960150289
2.555E-06,0.960837693
2.565E-06,0.961509911
2.575E-06,0.962167396
2.585E-06,0.962810582
2.595E-06,0.96343989
2.605E-06,0.96405572
2.615E-06,0.964658459
2.625E-06,0.965248479
2.635E-06,0.965826136
2.645E-06,0.966391774
2.655E-06,0.966945726
2.665E-06,0.967488308
2.675E-06,0.968019829
2.685E-06,0.968540585
2.695E-06,0.969050862
2.705E-06,0.969550934
2.715E-06,0.970041068
2.725E-06,0.970521521
2.735E-06,0.970992539
2.745E-06,0.971454364
2.755E-06,0.971907225
2.765E-06,0.972351348
2.775E-06,0.972786947
2.785E-06,0.973214233
2.795E-06,0.973633408
2.805E-06,0.974044668
2.815E-06,0.974448202
2.825E-06,0.974844195
2.835E-06,0.975232825
2.845E-06,0.975614263
2.855E-06,0.975988677
2.865E-06,0.97635623
2.875E-06,0.976717079
2.885E-06,0.977071376
2.895E-06,0.97741927
2.905E-06,0.977760904
2.915E-06,0.978096417
2.925E-06,0.978425946
2.935E-06,0.978749621
2.945E-06,0.979067572
2.955E-06,0.979379921
2.965E-06,0.97968679
2.975E-06,0.979988297
2.985E-06,0.980284556
2.995E-06,0.980575677
3.005E-06,0.980861769
3.015E-06,0.981142937
3.025E-06,0.981419284
3.035E-06,0.98169091
3.045E-06,0.98195791
3.055E-06,0.98222038
3.065E-06,0.982478413
3.075E-06,0.982732097
3.085E-06,0.98298152
3.095E-06,0.983226768
3.105E-06,0.983467923
3.115E-06,0.983705067
3.125E-06,0.983938278
3.135E-06,0.984167634
3.145E-06,0.984393209
3.155E-06,0.984615078
3.165E-06,0.984833311
3.175E-06,0.985047978
3.185E-06,0.985259148
3.195E-06,0.985466888
3.205E-06,0.985671261
3.215E-06,0.985872333
3.225E-06,0.986070164
3.235E-06,0.986264815
3.245E-06,0.986456345
3.255E-06,0.986644813
3.265E-06,0.986830274
3.275E-06,0.987012784
3.285E-06,0.987192397
3.295E-06,0.987369165
3.305E-06,0.987543141
3.315E-06,0.987714374
3.325E-06,0.987882915
3.335E-06,0.988048811
3.345E-06,0.98821211
3.355E-06,0.988372857
3.365E-06,0.988531099
3.375E-06,0.988686879
3.385E-06,0.988840241
3.395E-06,0.988991227
3.405E-06,0.989139879
3.415E-06,0.989286237
3.425E-06,0.989430341
3.435E-06,0.98957223
3.445E-06,0.989711943
3.455E-06,0.989849516
3.465E-06,0.989984986
3.475E-06,0.99011839
3.485E-06,0.990249762
3.495E-06,0.990379137
3.505E-06,0.990506548
3.515E-06,0.990632029
3.525E-06,0.990755613
3.535E-06,0.99087733
3.545E-06,0.990997213
3.555E-06,0.991115291
3.565E-06,0.991231594
3.575E-06,0.991346153
3.585E-06,0.991458996
3.595E-06,0.991570151
3.605E-06,0.991679646
3.615E-06,0.991787508
3.625E-06,0.991893764
3.635E-06,0.99199844
3.645E-06,0.992101562
3.655E-06,0.992203155
3.665E-06,0.992303243
3.675E-06,0.992401851
3.685E-06,0.992499003
3.695E-06,0.992594722
3.705E-06,0.992689031
3.715E-06,0.992781952
3.725E-06,0.992873509
3.735E-06,0.992963722
3.745E-06,0.993052613
3.755E-06,0.993140202
3.765E-06,0.993226511
3.775E-06,0.993311559
3.785E-06,0.993395367
3.795E-06,0.993477953
3.805E-06,0.993559338
3.815E-06,0.993639539
3.825E-06,0.993718576
3.835E-06,0.993796466
3.845E-06,0.993873227
3.855E-06,0.993948876
3.865E-06,0.994023432
3.875E-06,0.994096911
3.885E-06,0.994169329
3.895E-06,0.994240703
3.905E-06,0.994311049
3.915E-06,0.994380382
3.925E-06,0.994448719
3.935E-06,0.994516074
3.945E-06,0.994582462
3.955E-06,0.994647899
3.965E-06,0.994712398
3.975E-06,0.994775974
3.985E-06,0.994838641
3.995E-06,0.994900412
4.005E-06,0.994961302
4.015E-06,0.995021322
4.025E-06,0.995080488
4.035E-06,0.995138811
4.045E-06,0.995196303
4.055E-06,0.995252979
4.065E-06,0.995308849
4.075E-06,0.995363926
4.085E-06,0.995418222
4.095E-06,0.995471748
4.105E-06,0.995524515
4.115E-06,0.995576536
4.125E-06,0.995627821
4.135E-06,0.995678381
4.145E-06,0.995728227
4.155E-06,0.995777369
4.165E-06,0.995825818
4.175E-06,0.995873584
4.185E-06,0.995920677
4.195E-06,0.995967107
4.205E-06,0.996012883
4.215E-06,0.996058016
4.225E-06,0.996102515
4.235E-06,0.996146388
4.245E-06,0.996189646
4.255E-06,0.996232297
4.265E-06,0.99627435
4.275E-06,0.996315814
4.285E-06,0.996356697
4.295E-06,0.996397008
4.305E-06,0.996436755
4.315E-06,0.996475947
4.325E-06,0.99651459
4.335E-06,0.996552694
4.345E-06,0.996590267
4.355E-06,0.996627315
4.365E-06,0.996663846
4.375E-06,0.996699868
4.385E-06,0.996735389
4.395E-06,0.996770415
4.405E-06,0.996804953
4.415E-06,0.996839011
4.425E-06,0.996872596
4.435E-06,0.996905714
4.445E-06,0.996938371
4.455E-06,0.996970576
4.465E-06,0.997002333
4.475E-06,0.99703365
4.485E-06,0.997064533
4.495E-06,0.997094987
4.505E-06,0.997125019
4.515E-06,0.997154636
4.525E-06,0.997183842
4.535E-06,0.997212645
4.545E-06,0.997241049
4.555E-06,0.997269059
4.565E-06,0.997296683
4.575E-06,0.997323926
4.585E-06,0.997350792
4.595E-06,0.997377287
4.605E-06,0.997403416
4.615E-06,0.997429185
4.625E-06,0.997454599
4.635E-06,0.997479661
4.645E-06,0.997504379
4.655E-06,0.997528756
4.665E-06,0.997552798
4.675E-06,0.997576508
4.685E-06,0.997599892
4.695E-06,0.997622954
4.705E-06,0.997645699
4.715E-06,0.997668131
4.725E-06,0.997690255
4.735E-06,0.997712075
4.745E-06,0.997733595
4.755E-06,0.99775482
4.765E-06,0.997775753
4.775E-06,0.997796399
4.785E-06,0.997816761
4.795E-06,0.997836844
4.805E-06,0.997856652
4.815E-06,0.997876188
4.825E-06,0.997895456
4.835E-06,0.99791446
4.845E-06,0.997933204
4.855E-06,0.997951691
4.865E-06,0.997969924
4.875E-06,0.997987909
4.885E-06,0.998005647
4.895E-06,0.998023142
4.905E-06,0.998040399
4.915E-06,0.998057419
4.925E-06,0.998074206
4.935E-06,0.998090764
4.945E-06,0.998107095
4.955E-06,0.998123203
4.965E-06,0.998139091
4.975E-06,0.998154763
4.985E-06,0.99817022
4.995E-06,0.998185466
5.005E-06,0.998200504
5.015E-06,0.998215337
5.025E-06,0.998229968
5.035E-06,0.998244399
5.045E-06,0.998258633
5.055E-06,0.998272673
5.065E-06,0.998286522
5.075E-06,0.998300181
5.085E-06,0.998313655
5.095E-06,0.998326945
5.105E-06,0.998340054
5.115E-06,0.998352984
5.125E-06,0.998365738
5.135E-06,0.998378319
5.145E-06,0.998390729
5.155E-06,0.998402969
5.165E-06,0.998415043
5.175E-06,0.998426952
5.185E-06,0.9984387
5.195E-06,0.998450288
5.205E-06,0.998461718
5.215E-06,0.998472993
5.225E-06,0.998484115
5.235E-06,0.998495085
5.245E-06,0.998505906
5.255E-06,0.998516581
5.265E-06,0.99852711
5.275E-06,0.998537496
5.285E-06,0.998547741
5.295E-06,0.998557846
5.305E-06,0.998567815
5.315E-06,0.998577648
5.325E-06,0.998587348
5.335E-06,0.998596916
5.345E-06,0.998606354
5.355E-06,0.998615664
5.365E-06,0.998624848
5.375E-06,0.998633907
5.385E-06,0.998642844
5.395E-06,0.998651659
5.405E-06,0.998660355
5.415E-06,0.998668932
5.425E-06,0.998677394
5.435E-06,0.998685741
5.445E-06,0.998693974
5.455E-06,0.998702096
5.465E-06,0.998710108
5.475E-06,0.998718012
5.485E-06,0.998725808
5.495E-06,0.998733498
5.505E-06,0.998741085
5.515E-06,0.998748568
5.525E-06,0.99875595
5.535E-06,0.998763232
5.545E-06,0.998770416
5.555E-06,0.998777502
5.565E-06,0.998784493
5.575E-06,0.998791389
5.585E-06,0.998798191
5.595E-06,0.998804901
5.605E-06,0.998811521
5.615E-06,0.998818051
5.625E-06,0.998824492
5.635E-06,0.998830847
5.645E-06,0.998837115
5.655E-06,0.998843299
5.665E-06,0.998849399
5.675E-06,0.998855417
5.685E-06,0.998861353
5.695E-06,0.998867208
5.705E-06,0.998872985
5.715E-06,0.998878683
5.725E-06,0.998884305
5.735E-06,0.99888985
5.745E-06,0.998895321
5.755E-06,0.998900717
5.765E-06,0.998906041
5.775E-06,0.998911292
5.785E-06,0.998916473
5.795E-06,0.998921584
5.805E-06,0.998926625
5.815E-06,0.998931599
5.825E-06,0.998936505
5.835E-06,0.998941345
5.845E-06,0.99894612
5.855E-06,0.99895083
5.865E-06,0.998955477
5.875E-06,0.998960061
5.885E-06,0.998964583
5.895E-06,0.998969043
5.905E-06,0.998973444
5.915E-06,0.998977785
5.925E-06,0.998982067
5.935E-06,0.998986292
5.945E-06,0.998990459
5.955E-06,0.998994571
5.965E-06,0.998998626
5.975E-06,0.999002628
5.985E-06,0.999006575
5.995E-06,0.999010469
6.005E-06,0.99901431
6.015E-06,0.9990181
6.025E-06,0.999021838
6.035E-06,0.999025526
6.045E-06,0.999029165
6.055E-06,0.999032754
6.065E-06,0.999036294
6.075E-06,0.999039787
6.085E-06,0.999043233
6.095E-06,0.999046632
6.105E-06,0.999049986
6.115E-06,0.999053294
6.125E-06,0.999056558
6.135E-06,0.999059777
6.145E-06,0.999062954
6.155E-06,0.999066087
6.165E-06,0.999069178
6.175E-06,0.999072227
6.185E-06,0.999075236
6.195E-06,0.999078203
6.205E-06,0.999081131
6.215E-06,0.999084019
6.225E-06,0.999086868
6.235E-06,0.999089679
6.245E-06,0.999092452
6.255E-06,0.999095188
6.265E-06,0.999097886
6.275E-06,0.999100549
6.285E-06,0.999103175
6.295E-06,0.999105766
6.305E-06,0.999108322
6.315E-06,0.999110844
6.325E-06,0.999113332
6.335E-06,0.999115786
6.345E-06,0.999118207
6.355E-06,0.999120596
6.365E-06,0.999122952
6.375E-06,0.999125277
6.385E-06,0.99912757
6.395E-06,0.999129833
6.405E-06,0.999132065
6.415E-06,0.999134266
6.425E-06,0.999136438
6.435E-06,0.999138581
6.445E-06,0.999140695
6.455E-06,0.999142781
6.465E-06,0.999144838
6.475E-06,0.999146868
6.485E-06,0.999148871
6.495E-06,0.999150846
6.505E-06,0.999152795
6.515E-06,0.999154717
6.525E-06,0.999156614
6.535E-06,0.999158485
6.545E-06,0.999160331
6.555E-06,0.999162152
6.565E-06,0.999163948
6.575E-06,0.99916572
6.585E-06,0.999167469
6.595E-06,0.999169193
6.605E-06,0.999170895
6.615E-06,0.999172574
6.625E-06,0.99917423
6.635E-06,0.999175863
6.645E-06,0.999177475
6.655E-06,0.999179065
6.665E-06,0.999180634
6.675E-06,0.999182181
6.685E-06,0.999183708
6.695E-06,0.999185214
6.705E-06,0.9991867
6.715E-06,0.999188166
6.725E-06,0.999189612
6.735E-06,0.999191039
6.745E-06,0.999192446
6.755E-06,0.999193835
6.765E-06,0.999195205
6.775E-06,0.999196556
6.785E-06,0.99919789
6.795E-06,0.999199205
6.805E-06,0.999200502
6.815E-06,0.999201782
6.825E-06,0.999203045
6.835E-06,0.999204291
6.845E-06,0.99920552
6.855E-06,0.999206733
6.865E-06,0.999207929
6.875E-06,0.999209109
6.885E-06,0.999210274
6.895E-06,0.999211422
6.905E-06,0.999212555
6.915E-06,0.999213673
6.925E-06,0.999214776
6.935E-06,0.999215864
6.945E-06,0.999216937
6.955E-06,0.999217996
6.965E-06,0.999219041
6.975E-06,0.999220071
6.985E-06,0.999221088
6.995E-06,0.999222092
7.005E-06,0.999223081
7.015E-06,0.999224058
7.025E-06,0.999225021
7.035E-06,0.999225971
7.045E-06,0.999226908
7.055E-06,0.999227833
7.065E-06,0.999228746
7.075E-06,0.999229645
7.085E-06,0.999230533
7.095E-06,0.999231409
7.105E-06,0.999232274
7.115E-06,0.999233126
7.125E-06,0.999233967
7.135E-06,0.999234797
7.145E-06,0.999235615
7.155E-06,0.999236423
7.165E-06,0.99923722
7.175E-06,0.999238006
7.185E-06,0.999238781
7.195E-06,0.999239547
7.205E-06,0.999240301
7.215E-06,0.999241046
7.225E-06,0.999241781
7.235E-06,0.999242505
7.245E-06,0.99924322
7.255E-06,0.999243925
7.265E-06,0.999244621
7.275E-06,0.999245307
7.285E-06,0.999245984
7.295E-06,0.999246652
7.305E-06,0.999247311
7.315E-06,0.999247961
7.325E-06,0.999248603
7.335E-06,0.999249236
7.345E-06,0.99924986
7.355E-06,0.999250476
7.365E-06,0.999251083
7.375E-06,0.999251683
7.385E-06,0.999252275
7.395E-06,0.999252858
7.405E-06,0.999253434
7.415E-06,0.999254002
7.425E-06,0.999254563
7.435E-06,0.999255115
7.445E-06,0.999255661
7.455E-06,0.999256198
7.465E-06,0.999256729
7.475E-06,0.999257253
7.485E-06,0.999257769
7.495E-06,0.999258279
7.505E-06,0.999258781
7.515E-06,0.999259277
7.525E-06,0.999259767
7.535E-06,0.999260249
7.545E-06,0.999260726
7.555E-06,0.999261195
7.565E-06,0.999261659
7.575E-06,0.999262116
7.585E-06,0.999262567
7.595E-06,0.999263012
7.605E-06,0.999263451
7.615E-06,0.999263884
7.625E-06,0.999264311
7.635E-06,0.999264732
7.645E-06,0.999265148
7.655E-06,0.999265558
7.665E-06,0.999265963
7.675E-06,0.999266362
7.685E-06,0.999266756
7.695E-06,0.999267145
7.705E-06,0.999267528
7.715E-06,0.999267906
7.725E-06,0.99926828
7.735E-06,0.999268648
7.745E-06,0.999269011
7.755E-06,0.999269369
7.765E-06,0.999269723
7.775E-06,0.999270072
7.785E-06,0.999270416
7.795E-06,0.999270755
7.805E-06,0.99927109
7.815E-06,0.99927142
7.825E-06,0.999271746
7.835E-06,0.999272067
7.845E-06,0.999272385
7.855E-06,0.999272697
7.865E-06,0.999273006
7.875E-06,0.999273311
7.885E-06,0.999273611
7.895E-06,0.999273908
7.905E-06,0.9992742
7.915E-06,0.999274489
7.925E-06,0.999274774
7.935E-06,0.999275055
7.945E-06,0.999275332
7.955E-06,0.999275605
7.965E-06,0.999275874
7.975E-06,0.99927614
7.985E-06,0.999276402
7.995E-06,0.999276661
8.005E-06,0.999276917
8.015E-06,0.999277169
8.025E-06,0.999277417
8.035E-06,0.999277663
8.045E-06,0.999277905
8.055E-06,0.999278143
8.065E-06,0.999278379
8.075E-06,0.999278612
8.085E-06,0.999278841
8.095E-06,0.999279067
8.105E-06,0.99927929
8.115E-06,0.99927951
8.125E-06,0.999279727
8.135E-06,0.999279941
8.145E-06,0.999280152
8.155E-06,0.999280361
8.165E-06,0.999280567
8.175E-06,0.99928077
8.185E-06,0.99928097
8.195E-06,0.999281167
8.205E-06,0.999281362
8.215E-06,0.999281554
8.225E-06,0.999281744
8.235E-06,0.999281931
8.245E-06,0.999282115
8.255E-06,0.999282298
8.265E-06,0.999282477
8.275E-06,0.999282655
8.285E-06,0.99928283
8.295E-06,0.999283002
8.305E-06,0.999283172
8.315E-06,0.99928334
8.325E-06,0.999283506
8.335E-06,0.999283669
8.345E-06,0.99928383
8.355E-06,0.999283989
8.365E-06,0.999284146
8.375E-06,0.999284301
8.385E-06,0.999284453
8.395E-06,0.999284604
8.405E-06,0.999284753
8.415E-06,0.999284899
8.425E-06,0.999285044
8.435E-06,0.999285187
8.445E-06,0.999285327
8.455E-06,0.999285466
8.465E-06,0.999285603
8.475E-06,0.999285738
8.485E-06,0.999285872
8.495E-06,0.999286003
8.505E-06,0.999286133
8.515E-06,0.999286261
8.525E-06,0.999286387
8.535E-06,0.999286512
8.545E-06,0.999286635
8.555E-06,0.999286756
8.565E-06,0.999286876
8.575E-06,0.999286993
8.585E-06,0.99928711
8.595E-06,0.999287225
8.605E-06,0.999287338
8.615E-06,0.999287449
8.625E-06,0.99928756
8.635E-06,0.999287669
8.645E-06,0.999287776
8.655E-06,0.999287882
8.665E-06,0.999287986
8.675E-06,0.999288089
8.685E-06,0.999288191
8.695E-06,0.999288291
8.705E-06,0.99928839
8.715E-06,0.999288488
8.725E-06,0.999288585
8.735E-06,0.99928868
8.745E-06,0.999288774
8.755E-06,0.999288866
8.765E-06,0.999288957
8.775E-06,0.999289047
8.785E-06,0.999289136
8.795E-06,0.999289224
8.805E-06,0.99928931
8.815E-06,0.999289396
8.825E-06,0.99928948
8.835E-06,0.999289563
8.845E-06,0.999289645
8.855E-06,0.999289726
8.865E-06,0.999289806
8.875E-06,0.999289885
8.885E-06,0.999289963
8.895E-06,0.999290039
8.905E-06,0.999290115
8.915E-06,0.99929019
8.925E-06,0.999290263
8.935E-06,0.999290336
8.945E-06,0.999290408
8.955E-06,0.999290478
8.965E-06,0.999290548
8.975E-06,0.999290617
8.985E-06,0.999290684
8.995E-06,0.999290751
9.005E-06,0.999290817
9.015E-06,0.999290882
9.025E-06,0.999290947
9.035E-06,0.99929101
9.045E-06,0.999291072
9.055E-06,0.999291134
9.065E-06,0.999291195
9.075E-06,0.999291255
9.085E-06,0.999291314
9.095E-06,0.999291372
9.105E-06,0.99929143
9.115E-06,0.999291487
9.125E-06,0.999291543
9.135E-06,0.999291598
9.145E-06,0.999291653
9.155E-06,0.999291707
9.165E-06,0.99929176
9.175E-06,0.999291812
9.185E-06,0.999291864
9.195E-06,0.999291915
9.205E-06,0.999291965
9.215E-06,0.999292015
9.225E-06,0.999292064
9.235E-06,0.999292112
9.245E-06,0.99929216
9.255E-06,0.999292207
9.265E-06,0.999292253
9.275E-06,0.999292299
9.285E-06,0.999292344
9.295E-06,0.999292389
9.305E-06,0.999292433
9.315E-06,0.999292476
9.325E-06,0.999292519
9.335E-06,0.999292561
9.345E-06,0.999292603
9.355E-06,0.999292644
9.365E-06,0.999292684
9.375E-06,0.999292724
9.385E-06,0.999292764
9.395E-06,0.999292802
9.405E-06,0.999292841
9.415E-06,0.999292879
9.425E-06,0.999292916
9.435E-06,0.999292953
9.445E-06,0.99929299
9.455E-06,0.999293025
9.465E-06,0.999293061
9.475E-06,0.999293096
9.485E-06,0.99929313
9.495E-06,0.999293164
9.505E-06,0.999293197
9.515E-06,0.99929323
9.525E-06,0.999293263
9.535E-06,0.999293295
9.545E-06,0.999293327
9.555E-06,0.999293358
9.565E-06,0.999293389
9.575E-06,0.99929342
9.585E-06,0.99929345
9.595E-06,0.99929348
9.605E-06,0.999293509
9.615E-06,0.999293538
9.625E-06,0.999293566
9.635E-06,0.999293594
9.645E-06,0.999293622
9.655E-06,0.99929365
9.665E-06,0.999293677
9.675E-06,0.999293703
9.685E-06,0.99929373
9.695E-06,0.999293756
9.705E-06,0.999293781
9.715E-06,0.999293806
9.725E-06,0.999293831
9.735E-06,0.999293856
9.745E-06,0.99929388
9.755E-06,0.999293904
9.765E-06,0.999293927
9.775E-06,0.999293951
9.785E-06,0.999293973
9.795E-06,0.999293996
9.805E-06,0.999294018
9.815E-06,0.999294041
9.825E-06,0.999294062
9.835E-06,0.999294084
9.845E-06,0.999294105
9.855E-06,0.999294126
9.865E-06,0.999294146
9.875E-06,0.999294167
9.885E-06,0.999294186
9.895E-06,0.999294206
9.905E-06,0.999294226
9.915E-06,0.999294245
9.925E-06,0.999294264
9.935E-06,0.999294283
9.945E-06,0.999294301
9.955E-06,0.999294319
9.965E-06,0.999294337
9.975E-06,0.999294355
9.985E-06,0.999294373
9.995E-06,0.99929439
1E-05,0.999294398
1.0001E-05,0.999291631
1.0003E-05,0.999286328
1.0007E-05,0.999263836
1.0015E-05,0.999035004
1.0025E-05,0.998042009
1.0035E-05,0.995988306
1.0045E-05,0.993021453
1.0055E-05,0.989501196
1.0065E-05,0.985665671
1.0075E-05,0.981669101
1.0085E-05,0.977608021
1.0095E-05,0.973516978
1.01E-05,0.971483909
1.0101E-05,0.971084732
1.0103E-05,0.970288547
1.0107E-05,0.968705683
1.0115E-05,0.965565181
1.0125E-05,0.961674545
1.0135E-05,0.957824746
1.0145E-05,0.95404002
1.0155E-05,0.950355095
1.0165E-05,0.946796193
1.0175E-05,0.94336068
1.0185E-05,0.940019775
1.0195E-05,0.936738925
1.0205E-05,0.933495897
1.0215E-05,0.930280837
1.0225E-05,0.927090978
1.0235E-05,0.923925919
1.0245E-05,0.920786313
1.0255E-05,0.91767254
1.0265E-05,0.914585146
1.0275E-05,0.911524218
1.0285E-05,0.908490007
1.0295E-05,0.90548235
1.0305E-05,0.90250129
1.0315E-05,0.899546486
1.0325E-05,0.896617818
1.0335E-05,0.893714807
1.0345E-05,0.890837201
1.0355E-05,0.887984408
1.0365E-05,0.885156072
1.0375E-05,0.882351514
1.0385E-05,0.879570298
1.0395E-05,0.876811681
1.0405E-05,0.874075177
1.0415E-05,0.871360002
1.0425E-05,0.868665638
1.0435E-05,0.865991289
1.0445E-05,0.863336422
1.0455E-05,0.860700247
1.0465E-05,0.858082239
1.0475E-05,0.855481624
1.0485E-05,0.8528979
1.0495E-05,0.850330323
1.0505E-05,0.847778422
1.0515E-05,0.845241494
1.0525E-05,0.842719103
1.0535E-05,0.840210592
1.0545E-05,0.837715565
1.0555E-05,0.835233413
1.0565E-05,0.832763782
1.0575E-05,0.83030611
1.0585E-05,0.827860085
1.0595E-05,0.82542519
1.0605E-05,0.823001154
1.0615E-05,0.820587505
1.0625E-05,0.818184006
1.0635E-05,0.815790227
1.0645E-05,0.813405965
1.0655E-05,0.811030828
1.0665E-05,0.808664643
1.0675E-05,0.806307051
1.0685E-05,0.803957907
1.0695E-05,0.801616885
1.0705E-05,0.799283861
1.0715E-05,0.796958537
1.0725E-05,0.794640812
1.0735E-05,0.79233041
1.0745E-05,0.790027251
1.0755E-05,0.78773108
1.0765E-05,0.785441832
1.0775E-05,0.783159274
1.0785E-05,0.780883352
1.0795E-05,0.778613852
1.0805E-05,0.776350733
1.0815E-05,0.774093796
1.0825E-05,0.771843008
1.0835E-05,0.769598188
1.0845E-05,0.76735931
1.0855E-05,0.765126204
1.0865E-05,0.762898854
1.0875E-05,0.760677101
1.0885E-05,0.758460934
1.0895E-05,0.756250206
1.0905E-05,0.75404491
1.0915E-05,0.75184491
1.0925E-05,0.749650202
1.0935E-05,0.747460659
1.0945E-05,0.745276282
1.0955E-05,0.743096951
1.0965E-05,0.74092267
1.0975E-05,0.738753328
1.0985E-05,0.736588929
1.0995E-05,0.734429369
1.1005E-05,0.732274656
1.1015E-05,0.730124693
1.1025E-05,0.727979487
1.1035E-05,0.725838947
1.1045E-05,0.723703084
1.1055E-05,0.721571812
1.1065E-05,0.71944514
1.1075E-05,0.71732299
1.1085E-05,0.715205372
1.1095E-05,0.713092212
1.1105E-05,0.71098352
1.1115E-05,0.708879227
1.1125E-05,0.706779345
1.1135E-05,0.704683808
1.1145E-05,0.702592628
1.1155E-05,0.700505745
1.1165E-05,0.698423169
1.1175E-05,0.696344845
1.1185E-05,0.694270784
1.1195E-05,0.692200934
1.1205E-05,0.690135306
1.1215E-05,0.688073852
1.1225E-05,0.686016583
1.1235E-05,0.683963455
1.1245E-05,0.681914478
1.1255E-05,0.679869611
1.1265E-05,0.677828866
1.1275E-05,0.675792205
1.1285E-05,0.673759638
1.1295E-05,0.671731134
1.1305E-05,0.6697067
1.1315E-05,0.667686308
1.1325E-05,0.665669967
1.1335E-05,0.663657652
1.1345E-05,0.661649371
1.1355E-05,0.659645103
1.1365E-05,0.657644857
1.1375E-05,0.655648614
1.1385E-05,0.653656384
1.1395E-05,0.651668151
1.1405E-05,0.649683924
1.1415E-05,0.647703693
1.1425E-05,0.645727467
1.1435E-05,0.643755238
1.1445E-05,0.641787018
1.1455E-05,0.6398228
1.1465E-05,0.637862598
1.1475E-05,0.635906411
1.1485E-05,0.633954251
1.1495E-05,0.632006122
1.1505E-05,0.630062038
1.1515E-05,0.628122008
1.1525E-05,0.626186047
1.1535E-05,0.624254168
1.1545E-05,0.622326391
1.1555E-05,0.620402732
1.1565E-05,0.618483215
1.1575E-05,0.616567861
1.1585E-05,0.614656699
1.1595E-05,0.612749757
1.1605E-05,0.61084707
1.1615E-05,0.608948671
1.1625E-05,0.607054603
1.1635E-05,0.60516491
1.1645E-05,0.603279642
1.1655E-05,0.601398855
1.1665E-05,0.599522611
1.1675E-05,0.597650979
1.1685E-05,0.595784039
1.1695E-05,0.593921878
1.1705E-05,0.592064596
1.1715E-05,0.590212306
1.1725E-05,0.588365139
1.1735E-05,0.586523244
1.1745E-05,0.584686793
1.1755E-05,0.582855987
1.1765E-05,0.581031063
1.1775E-05,0.5792123
1.1785E-05,0.577400033
1.1795E-05,0.575594665
1.1805E-05,0.573796687
1.1815E-05,0.572006705
1.1825E-05,0.570225471
1.1835E-05,0.568453929
1.1845E-05,0.566693267
1.1855E-05,0.564944988
1.1865E-05,0.563210972
1.1875E-05,0.561493546
1.1885E-05,0.559795458
1.1895E-05,0.558119781
1.1905E-05,0.556469714
1.1915E-05,0.55484829
1.1925E-05,0.553258066
1.1935E-05,0.551700919
1.1945E-05,0.550178012
1.1955E-05,0.548689862
1.1965E-05,0.547236489
1.1975E-05,0.545817569
1.1985E-05,0.544432561
1.1995E-05,0.543080787
1.2005E-05,0.541761499
1.2015E-05,0.540473909
1.2025E-05,0.539217223
1.2035E-05,0.537990649
1.2045E-05,0.536793404
1.2055E-05,0.535624725
1.2065E-05,0.534483866
1.2075E-05,0.533370102
1.2085E-05,0.532282728
1.2095E-05,0.531221061
1.2105E-05,0.530184438
1.2115E-05,0.529172216
1.2125E-05,0.528183772
1.2135E-05,0.527218503
1.2145E-05,0.526275821
1.2155E-05,0.525355161
1.2165E-05,0.52445597
1.2175E-05,0.523577716
1.2185E-05,0.52271988
1.2195E-05,0.52188196
1.2205E-05,0.521063469
1.2215E-05,0.520263934
1.2225E-05,0.519482896
1.2235E-05,0.518719911
1.2245E-05,0.517974548
1.2255E-05,0.517246388
1.2265E-05,0.516535027
1.2275E-05,0.51584007
1.2285E-05,0.515161138
1.2295E-05,0.514497863
1.2305E-05,0.513849888
1.2315E-05,0.513216868
1.2325E-05,0.51259847
1.2335E-05,0.511994373
1.2345E-05,0.511404263
1.2355E-05,0.51082784
1.2365E-05,0.510264809
1.2375E-05,0.509714883
1.2385E-05,0.509177781
1.2395E-05,0.508653226
1.2405E-05,0.508140941
1.2415E-05,0.507640651
1.2425E-05,0.507152079
1.2435E-05,0.506674951
1.2445E-05,0.506208998
1.2455E-05,0.505753967
1.2465E-05,0.505309632
1.2475E-05,0.504875804
1.2485E-05,0.504452342
1.2495E-05,0.504039144
1.2505E-05,0.503636138
1.2515E-05,0.503243263
1.2525E-05,0.502860452
1.2535E-05,0.502487611
1.2545E-05,0.502124616
1.2555E-05,0.50177131
1.2565E-05,0.501427499
1.2575E-05,0.501092967
1.2585E-05,0.500767474
1.2595E-05,0.500450771
1.2605E-05,0.500142615
1.2615E-05,0.499842793
1.2625E-05,0.499551183
1.2635E-05,0.499267898
1.2645E-05,0.498993604
1.2655E-05,0.498730272
1.2665E-05,0.498482744
1.2675E-05,0.498261363
1.2685E-05,0.498084246
1.2695E-05,0.49797451
1.2705E-05,0.497948765
1.2715E-05,0.498004461
1.2725E-05,0.49811962
1.2735E-05,0.49826512
1.2745E-05,0.498417339
1.2755E-05,0.498562903
1.2765E-05,0.498696637
1.2775E-05,0.498817719
1.2785E-05,0.498927012
1.2795E-05,0.499025838
1.2805E-05,0.499115508
1.2815E-05,0.499197185
1.2825E-05,0.499271845
1.2835E-05,0.4993403
1.2845E-05,0.499403221
1.2855E-05,0.499461169
1.2865E-05,0.499514615
1.2875E-05,0.499563964
1.2885E-05,0.499609568
1.2895E-05,0.499651733
1.2905E-05,0.499690735
1.2915E-05,0.499726819
1.2925E-05,0.499760208
1.2935E-05,0.499791105
1.2945E-05,0.499819697
1.2955E-05,0.499846153
1.2965E-05,0.499870632
1.2975E-05,0.499893279
1.2985E-05,0.499914229
1.2995E-05,0.499933606
1.3005E-05,0.499951527
1.3015E-05,0.499968098
1.3025E-05,0.499983419
1.3035E-05,0.499997582
1.3045E-05,0.500010674
1.3055E-05,0.500022773
1.3065E-05,0.500033953
1.3075E-05,0.500044284
1.3085E-05,0.500053828
1.3095E-05,0.500062644
1.3105E-05,0.500070788
1.3115E-05,0.500078309
1.3125E-05,0.500085254
1.3135E-05,0.500091668
1.3145E-05,0.500097589
1.3155E-05,0.500103057
1.3165E-05,0.500108104
1.3175E-05,0.500112763
1.3185E-05,0.500117063
1.3195E-05,0.500121032
1.3205E-05,0.500124696
1.3215E-05,0.500128077
1.3225E-05,0.500131197
1.3235E-05,0.500134075
1.3245E-05,0.500136732
1.3255E-05,0.500139183
1.3265E-05,0.500141445
1.3275E-05,0.500143532
1.3285E-05,0.500145457
1.3295E-05,0.500147233
1.3305E-05,0.500148871
1.3315E-05,0.500150383
1.3325E-05,0.500151777
1.3335E-05,0.500153064
1.3345E-05,0.50015425
1.3355E-05,0.500155345
1.3365E-05,0.500156354
1.3375E-05,0.500157286
1.3385E-05,0.500158144
1.3395E-05,0.500158937
1.3405E-05,0.500159667
1.3415E-05,0.500160342
1.3425E-05,0.500160963
1.3435E-05,0.500161537
1.3445E-05,0.500162066
1.3455E-05,0.500162553
1.3465E-05,0.500163003
1.3475E-05,0.500163418
1.3485E-05,0.500163801
1.3495E-05,0.500164154
1.3505E-05,0.500164479
1.3515E-05,0.50016478
1.3525E-05,0.500165056
1.3535E-05,0.500165312
1.3545E-05,0.500165547
1.3555E-05,0.500165765
1.3565E-05,0.500165965
1.3575E-05,0.500166149
1.3585E-05,0.50016632
1.3595E-05,0.500166477
1.3605E-05,0.500166622
1.3615E-05,0.500166755
1.3625E-05,0.500166879
1.3635E-05,0.500166992
1.3645E-05,0.500167097
1.3655E-05,0.500167194
1.3665E-05,0.500167283
1.3675E-05,0.500167365
1.3685E-05,0.500167441
1.3695E-05,0.500167511
1.3705E-05,0.500167576
1.3715E-05,0.500167635
1.3725E-05,0.50016769
1.3735E-05,0.50016774
1.3745E-05,0.500167787
1.3755E-05,0.50016783
1.3765E-05,0.500167869
1.3775E-05,0.500167906
1.3785E-05,0.500167939
1.3795E-05,0.500167971
1.3805E-05,0.500167999
1.3815E-05,0.500168026
1.3825E-05,0.500168051
1.3835E-05,0.500168073
1.3845E-05,0.500168094
1.3855E-05,0.500168113
1.3865E-05,0.500168131
1.3875E-05,0.500168147
1.3885E-05,0.500168162
1.3895E-05,0.500168175
1.3905E-05,0.500168188
1.3915E-05,0.5001682
1.3925E-05,0.500168211
1.3935E-05,0.500168221
1.3945E-05,0.50016823
1.3955E-05,0.500168239
1.3965E-05,0.500168247
1.3975E-05,0.500168254
1.3985E-05,0.500168261
1.3995E-05,0.500168267
1.4005E-05,0.500168273
1.4015E-05,0.500168279
1.4025E-05,0.500168283
1.4035E-05,0.500168288
1.4045E-05,0.500168292
1.4055E-05,0.500168296
1.4065E-05,0.500168299
1.4075E-05,0.500168302
1.4085E-05,0.500168305
1.4095E-05,0.500168308
1.4105E-05,0.500168311
1.4115E-05,0.500168313
1.4125E-05,0.500168315
1.4135E-05,0.500168317
1.4145E-05,0.500168319
1.4155E-05,0.50016832
1.4165E-05,0.500168322
1.4175E-05,0.500168323
1.4185E-05,0.500168324
1.4195E-05,0.500168325
1.4205E-05,0.500168326
1.4215E-05,0.500168327
1.4225E-05,0.500168328
1.4235E-05,0.500168329
1.4245E-05,0.50016833
1.4255E-05,0.500168331
1.4265E-05,0.500168332
1.4275E-05,0.500168332
1.4285E-05,0.500168333
1.4295E-05,0.500168334
1.4305E-05,0.500168334
1.4315E-05,0.500168334
1.4325E-05,0.500168335
1.4335E-05,0.500168335
1.4345E-05,0.500168335
1.4355E-05,0.500168336
1.4365E-05,0.500168336
1.4375E-05,0.500168336
1.4385E-05,0.500168336
1.4395E-05,0.500168337
1.4405E-05,0.500168337
1.4415E-05,0.500168337
1.4425E-05,0.500168337
1.4435E-05,0.500168337
1.4445E-05,0.500168338
1.4455E-05,0.500168338
1.4465E-05,0.500168338
1.4475E-05,0.500168338
1.4485E-05,0.500168338
1.4495E-05,0.500168338
1.4505E-05,0.500168338
1.4515E-05,0.500168338
1.4525E-05,0.500168338
1.4535E-05,0.500168338
1.4545E-05,0.500168339
1.4555E-05,0.500168339
1.4565E-05,0.500168339
1.4575E-05,0.500168339
1.4585E-05,0.500168339
1.4595E-05,0.500168339
1.4605E-05,0.500168339
1.4615E-05,0.500168339
1.4625E-05,0.500168339
1.4635E-05,0.500168339
1.4645E-05,0.500168339
1.4655E-05,0.500168339
1.4665E-05,0.500168339
1.4675E-05,0.50016834
1.4685E-05,0.50016834
1.4695E-05,0.50016834
1.4705E-05,0.50016834
1.4715E-05,0.50016834
1.4725E-05,0.50016834
1.4735E-05,0.50016834
1.4745E-05,0.500168339
1.4755E-05,0.50016834
1.4765E-05,0.50016834
1.4775E-05,0.50016834
1.4785E-05,0.50016834
1.4795E-05,0.50016834
1.4805E-05,0.50016834
1.4815E-05,0.50016834
1.4825E-05,0.50016834
1.4835E-05,0.50016834
1.4845E-05,0.50016834
1.4855E-05,0.50016834
1.4865E-05,0.50016834
1.4875E-05,0.500168341
1.4885E-05,0.500168341
1.4895E-05,0.500168341
1.4905E-05,0.500168341
1.4915E-05,0.500168341
1.4925E-05,0.500168341
1.4935E-05,0.500168341
1.4945E-05,0.500168341
1.4955E-05,0.500168341
1.4965E-05,0.500168341
1.4975E-05,0.500168341
1.4985E-05,0.500168341
1.4995E-05,0.500168341
1.5005E-05,0.500168341
1.5015E-05,0.500168341
1.5025E-05,0.500168341
1.5035E-05,0.500168341
1.5045E-05,0.500168341
1.5055E-05,0.500168341
1.5065E-05,0.500168341
1.5075E-05,0.500168341
1.5085E-05,0.500168341
1.5095E-05,0.500168341
1.5105E-05,0.500168341
1.5115E-05,0.500168341
1.5125E-05,0.500168341
1.5135E-05,0.50016834
1.5145E-05,0.50016834
1.5155E-05,0.50016834
1.5165E-05,0.50016834
1.5175E-05,0.50016834
1.5185E-05,0.50016834
1.5195E-05,0.50016834
1.5205E-05,0.50016834
1.5215E-05,0.50016834
1.5225E-05,0.50016834
1.5235E-05,0.50016834
1.5245E-05,0.50016834
1.5255E-05,0.50016834
1.5265E-05,0.50016834
1.5275E-05,0.50016834
1.5285E-05,0.50016834
1.5295E-05,0.50016834
1.5305E-05,0.50016834
1.5315E-05,0.50016834
1.5325E-05,0.50016834
1.5335E-05,0.50016834
1.5345E-05,0.500168341
1.5355E-05,0.500168341
1.5365E-05,0.500168341
1.5375E-05,0.500168341
1.5385E-05,0.500168341
1.5395E-05,0.50016834
1.5405E-05,0.50016834
1.5415E-05,0.50016834
1.5425E-05,0.50016834
1.5435E-05,0.50016834
1.5445E-05,0.50016834
1.5455E-05,0.50016834
1.5465E-05,0.50016834
1.5475E-05,0.500168341
1.5485E-05,0.500168341
1.5495E-05,0.500168341
1.5505E-05,0.500168341
1.5515E-05,0.500168341
1.5525E-05,0.500168341
1.5535E-05,0.500168341
1.5545E-05,0.500168341
1.5555E-05,0.500168341
1.5565E-05,0.500168341
1.5575E-05,0.500168341
1.5585E-05,0.500168341
1.5595E-05,0.500168341
1.5605E-05,0.500168341
1.5615E-05,0.500168341
1.5625E-05,0.500168341
1.5635E-05,0.500168341
1.5645E-05,0.500168341
1.5655E-05,0.500168341
1.5665E-05,0.500168341
1.5675E-05,0.500168341
1.5685E-05,0.500168341
1.5695E-05,0.500168341
1.5705E-05,0.500168341
1.5715E-05,0.500168341
1.5725E-05,0.500168341
1.5735E-05,0.500168341
1.5745E-05,0.500168341
1.5755E-05,0.500168341
1.5765E-05,0.500168341
1.5775E-05,0.500168341
1.5785E-05,0.500168341
1.5795E-05,0.500168341
1.5805E-05,0.500168341
1.5815E-05,0.500168341
1.5825E-05,0.500168341
1.5835E-05,0.500168341
1.5845E-05,0.500168341
1.5855E-05,0.50016834
1.5865E-05,0.50016834
1.5875E-05,0.50016834
1.5885E-05,0.500168341
1.5895E-05,0.500168341
1.5905E-05,0.500168341
1.5915E-05,0.500168341
1.5925E-05,0.500168341
1.5935E-05,0.500168341
1.5945E-05,0.500168341
1.5955E-05,0.500168341
1.5965E-05,0.500168341
1.5975E-05,0.500168341
1.5985E-05,0.500168341
1.5995E-05,0.500168341
1.6005E-05,0.500168341
1.6015E-05,0.500168341
1.6025E-05,0.500168341
1.6035E-05,0.500168341
1.6045E-05,0.500168341
1.6055E-05,0.500168341
1.6065E-05,0.500168341
1.6075E-05,0.500168341
1.6085E-05,0.500168341
1.6095E-05,0.500168341
1.6105E-05,0.500168341
1.6115E-05,0.500168341
1.6125E-05,0.500168341
1.6135E-05,0.500168341
1.6145E-05,0.500168341
1.6155E-05,0.500168341
1.6165E-05,0.500168341
1.6175E-05,0.500168341
1.6185E-05,0.500168341
1.6195E-05,0.500168341
1.6205E-05,0.500168341
1.6215E-05,0.500168341
1.6225E-05,0.500168341
1.6235E-05,0.500168341
1.6245E-05,0.50016834
1.6255E-05,0.50016834
1.6265E-05,0.50016834
1.6275E-05,0.50016834
1.6285E-05,0.50016834
1.6295E-05,0.50016834
1.6305E-05,0.50016834
1.6315E-05,0.50016834
1.6325E-05,0.50016834
1.6335E-05,0.50016834
1.6345E-05,0.50016834
1.6355E-05,0.50016834
1.6365E-05,0.50016834
1.6375E-05,0.50016834
1.6385E-05,0.50016834
1.6395E-05,0.50016834
1.6405E-05,0.50016834
1.6415E-05,0.50016834
1.6425E-05,0.50016834
1.6435E-05,0.50016834
1.6445E-05,0.50016834
1.6455E-05,0.50016834
1.6465E-05,0.50016834
1.6475E-05,0.50016834
1.6485E-05,0.50016834
1.6495E-05,0.50016834
1.6505E-05,0.50016834
1.6515E-05,0.50016834
1.6525E-05,0.50016834
1.6535E-05,0.50016834
1.6545E-05,0.50016834
1.6555E-05,0.50016834
1.6565E-05,0.50016834
1.6575E-05,0.50016834
1.6585E-05,0.50016834
1.6595E-05,0.50016834
1.6605E-05,0.50016834
1.6615E-05,0.50016834
1.6625E-05,0.50016834
1.6635E-05,0.50016834
1.6645E-05,0.50016834
1.6655E-05,0.50016834
1.6665E-05,0.50016834
1.6675E-05,0.50016834
1.6685E-05,0.50016834
1.6695E-05,0.50016834
1.6705E-05,0.50016834
1.6715E-05,0.50016834
1.6725E-05,0.50016834
1.6735E-05,0.50016834
1.6745E-05,0.50016834
1.6755E-05,0.50016834
1.6765E-05,0.50016834
1.6775E-05,0.500168341
1.6785E-05,0.50016834
1.6795E-05,0.50016834
1.6805E-05,0.50016834
1.6815E-05,0.50016834
1.6825E-05,0.50016834
1.6835E-05,0.50016834
1.6845E-05,0.50016834
1.6855E-05,0.50016834
1.6865E-05,0.50016834
1.6875E-05,0.50016834
1.6885E-05,0.50016834
1.6895E-05,0.50016834
1.6905E-05,0.50016834
1.6915E-05,0.50016834
1.6925E-05,0.500168341
1.6935E-05,0.500168341
1.6945E-05,0.500168341
1.6955E-05,0.500168341
1.6965E-05,0.50016834
1.6975E-05,0.50016834
1.6985E-05,0.50016834
1.6995E-05,0.50016834
1.7005E-05,0.50016834
1.7015E-05,0.50016834
1.7025E-05,0.50016834
1.7035E-05,0.50016834
1.7045E-05,0.50016834
1.7055E-05,0.500168341
1.7065E-05,0.500168341
1.7075E-05,0.500168341
1.7085E-05,0.50016834
1.7095E-05,0.50016834
1.7105E-05,0.50016834
1.7115E-05,0.50016834
1.7125E-05,0.50016834
1.7135E-05,0.50016834
1.7145E-05,0.50016834
1.7155E-05,0.50016834
1.7165E-05,0.50016834
1.7175E-05,0.50016834
1.7185E-05,0.50016834
1.7195E-05,0.50016834
1.7205E-05,0.50016834
1.7215E-05,0.50016834
1.7225E-05,0.500168341
1.7235E-05,0.500168341
1.7245E-05,0.500168341
1.7255E-05,0.500168341
1.7265E-05,0.500168341
1.7275E-05,0.500168341
1.7285E-05,0.50016834
1.7295E-05,0.50016834
1.7305E-05,0.50016834
1.7315E-05,0.50016834
1.7325E-05,0.50016834
1.7335E-05,0.50016834
1.7345E-05,0.50016834
1.7355E-05,0.50016834
1.7365E-05,0.50016834
1.7375E-05,0.50016834
1.7385E-05,0.50016834
1.7395E-05,0.50016834
1.7405E-05,0.50016834
1.7415E-05,0.50016834
1.7425E-05,0.50016834
1.7435E-05,0.50016834
1.7445E-05,0.50016834
1.7455E-05,0.500168341
1.7465E-05,0.500168341
1.7475E-05,0.500168341
1.7485E-05,0.500168341
1.7495E-05,0.500168341
1.7505E-05,0.500168341
1.7515E-05,0.500168341
1.7525E-05,0.500168341
1.7535E-05,0.500168341
1.7545E-05,0.500168341
1.7555E-05,0.500168341
1.7565E-05,0.500168341
1.7575E-05,0.500168341
1.7585E-05,0.500168341
1.7595E-05,0.500168341
1.7605E-05,0.500168341
1.7615E-05,0.500168341
1.7625E-05,0.500168341
1.7635E-05,0.500168341
1.7645E-05,0.500168341
1.7655E-05,0.500168341
1.7665E-05,0.500168341
1.7675E-05,0.500168341
1.7685E-05,0.500168341
1.7695E-05,0.500168341
1.7705E-05,0.500168341
1.7715E-05,0.500168341
1.7725E-05,0.50016834
1.7735E-05,0.50016834
1.7745E-05,0.50016834
1.7755E-05,0.50016834
1.7765E-05,0.50016834
1.7775E-05,0.50016834
1.7785E-05,0.50016834
1.7795E-05,0.50016834
1.7805E-05,0.50016834
1.7815E-05,0.50016834
1.7825E-05,0.50016834
1.7835E-05,0.50016834
1.7845E-05,0.50016834
1.7855E-05,0.50016834
1.7865E-05,0.50016834
1.7875E-05,0.50016834
1.7885E-05,0.50016834
1.7895E-05,0.50016834
1.7905E-05,0.50016834
1.7915E-05,0.50016834
1.7925E-05,0.50016834
1.7935E-05,0.50016834
1.7945E-05,0.50016834
1.7955E-05,0.50016834
1.7965E-05,0.50016834
1.7975E-05,0.50016834
1.7985E-05,0.50016834
1.7995E-05,0.50016834
1.8005E-05,0.50016834
1.8015E-05,0.50016834
1.8025E-05,0.50016834
1.8035E-05,0.500168341
1.8045E-05,0.500168341
1.8055E-05,0.500168341
1.8065E-05,0.500168341
1.8075E-05,0.500168341
1.8085E-05,0.500168341
1.8095E-05,0.500168341
1.8105E-05,0.500168341
1.8115E-05,0.500168341
1.8125E-05,0.500168341
1.8135E-05,0.500168341
1.8145E-05,0.500168341
1.8155E-05,0.500168341
1.8165E-05,0.500168341
1.8175E-05,0.500168341
1.8185E-05,0.500168341
1.8195E-05,0.500168341
1.8205E-05,0.500168341
1.8215E-05,0.500168341
1.8225E-05,0.500168341
1.8235E-05,0.500168341
1.8245E-05,0.500168341
1.8255E-05,0.500168341
1.8265E-05,0.500168341
1.8275E-05,0.500168341
1.8285E-05,0.500168341
1.8295E-05,0.500168341
1.8305E-05,0.50016834
1.8315E-05,0.50016834
1.8325E-05,0.50016834
1.8335E-05,0.50016834
1.8345E-05,0.50016834
1.8355E-05,0.50016834
1.8365E-05,0.500168341
1.8375E-05,0.500168341
1.8385E-05,0.500168341
1.8395E-05,0.500168341
1.8405E-05,0.500168341
1.8415E-05,0.500168341
1.8425E-05,0.500168341
1.8435E-05,0.500168341
1.8445E-05,0.500168341
1.8455E-05,0.500168341
1.8465E-05,0.500168341
1.8475E-05,0.500168341
1.8485E-05,0.500168341
1.8495E-05,0.500168341
1.8505E-05,0.500168341
1.8515E-05,0.500168341
1.8525E-05,0.500168341
1.8535E-05,0.500168341
1.8545E-05,0.500168341
1.8555E-05,0.500168341
1.8565E-05,0.500168341
1.8575E-05,0.500168341
1.8585E-05,0.500168341
1.8595E-05,0.500168341
1.8605E-05,0.50016834
1.8615E-05,0.50016834
1.8625E-05,0.50016834
1.8635E-05,0.50016834
1.8645E-05,0.50016834
1.8655E-05,0.50016834
1.8665E-05,0.50016834
1.8675E-05,0.50016834
1.8685E-05,0.50016834
1.8695E-05,0.50016834
1.8705E-05,0.50016834
1.8715E-05,0.50016834
1.8725E-05,0.50016834
1.8735E-05,0.50016834
1.8745E-05,0.50016834
1.8755E-05,0.50016834
1.8765E-05,0.50016834
1.8775E-05,0.50016834
1.8785E-05,0.50016834
1.8795E-05,0.50016834
1.8805E-05,0.50016834
1.8815E-05,0.50016834
1.8825E-05,0.50016834
1.8835E-05,0.50016834
1.8845E-05,0.50016834
1.8855E-05,0.50016834
1.8865E-05,0.50016834
1.8875E-05,0.50016834
1.8885E-05,0.50016834
1.8895E-05,0.50016834
1.8905E-05,0.50016834
1.8915E-05,0.50016834
1.8925E-05,0.50016834
1.8935E-05,0.50016834
1.8945E-05,0.50016834
1.8955E-05,0.500168341
1.8965E-05,0.500168341
1.8975E-05,0.500168341
1.8985E-05,0.500168341
1.8995E-05,0.500168341
1.9005E-05,0.500168341
1.9015E-05,0.500168341
1.9025E-05,0.500168341
1.9035E-05,0.500168341
1.9045E-05,0.500168341
1.9055E-05,0.500168341
1.9065E-05,0.500168341
1.9075E-05,0.500168341
1.9085E-05,0.500168341
1.9095E-05,0.500168341
1.9105E-05,0.500168341
1.9115E-05,0.500168341
1.9125E-05,0.500168341
1.9135E-05,0.500168341
1.9145E-05,0.500168341
1.9155E-05,0.500168341
1.9165E-05,0.500168341
1.9175E-05,0.500168341
1.9185E-05,0.500168341
1.9195E-05,0.500168341
1.9205E-05,0.500168341
1.9215E-05,0.500168341
1.9225E-05,0.500168341
1.9235E-05,0.500168341
1.9245E-05,0.500168341
1.9255E-05,0.50016834
1.9265E-05,0.50016834
1.9275E-05,0.50016834
1.9285E-05,0.50016834
1.9295E-05,0.50016834
1.9305E-05,0.50016834
1.9315E-05,0.50016834
1.9325E-05,0.50016834
1.9335E-05,0.50016834
1.9345E-05,0.50016834
1.9355E-05,0.50016834
1.9365E-05,0.50016834
1.9375E-05,0.500168341
1.9385E-05,0.500168341
1.9395E-05,0.500168341
1.9405E-05,0.500168341
1.9415E-05,0.500168341
1.9425E-05,0.500168341
1.9435E-05,0.500168341
1.9445E-05,0.500168341
1.9455E-05,0.500168341
1.9465E-05,0.500168341
1.9475E-05,0.500168341
1.9485E-05,0.500168341
1.9495E-05,0.500168341
1.9505E-05,0.500168341
1.9515E-05,0.500168341
1.9525E-05,0.500168341
1.9535E-05,0.500168341
1.9545E-05,0.500168341
1.9555E-05,0.500168341
1.9565E-05,0.500168341
1.9575E-05,0.500168341
1.9585E-05,0.500168341
1.9595E-05,0.50016834
1.9605E-05,0.50016834
1.9615E-05,0.50016834
1.9625E-05,0.50016834
1.9635E-05,0.50016834
1.9645E-05,0.50016834
1.9655E-05,0.50016834
1.9665E-05,0.50016834
1.9675E-05,0.50016834
1.9685E-05,0.50016834
1.9695E-05,0.50016834
1.9705E-05,0.50016834
1.9715E-05,0.50016834
1.9725E-05,0.50016834
1.9735E-05,0.50016834
1.9745E-05,0.50016834
1.9755E-05,0.50016834
1.9765E-05,0.50016834
1.9775E-05,0.50016834
1.9785E-05,0.50016834
1.9795E-05,0.50016834
1.9805E-05,0.50016834
1.9815E-05,0.50016834
1.9825E-05,0.50016834
1.9835E-05,0.50016834
1.9845E-05,0.50016834
1.9855E-05,0.50016834
1.9865E-05,0.50016834
1.9875E-05,0.50016834
1.9885E-05,0.50016834
1.9895E-05,0.50016834
1.9905E-05,0.50016834
1.9915E-05,0.50016834
1.9925E-05,0.50016834
1.9935E-05,0.50016834
1.9945E-05,0.50016834
1.9955E-05,0.50016834
1.9965E-05,0.50016834
1.9975E-05,0.50016834
1.9985E-05,0.50016834
1.9995E-05,0.50016834
2E-05,0.50016834
